YEAR,MONTH,DAY,RAINFALL,TMAX,TMIN,RH
2020,1,1,1.2,32.2,25.9,76
2020,1,2,9.4,30.4,24.4,83
2020,1,3,0.6,30.6,23.3,81
2020,1,4,0,30.2,24.4,77
2020,1,5,2,30.6,24.9,78
2020,1,6,0,30.3,24.2,79
2020,1,7,0,30.3,25.4,79
2020,1,8,15.2,31,23.8,77
2020,1,9,0.4,30.1,24.6,78
2020,1,10,0.6,31.5,25.2,78
2020,1,11,0.4,30.9,25.2,82
2020,1,12,0.2,28,23.6,83
2020,1,13,0,30.2,25,80
2020,1,14,0,31.1,25.6,77
2020,1,15,-1,31.2,25.7,83
2020,1,16,2,31.8,25,82
2020,1,17,0,31.7,26,77
2020,1,18,0,31.9,25,80
2020,1,19,5.6,31,24.2,83
2020,1,20,8.6,28.2,23.6,85
2020,1,21,0.2,30,25,72
2020,1,22,1.2,29.2,24.9,80
2020,1,23,0,30.7,25.3,71
2020,1,24,3.2,31,25.6,80
2020,1,25,-1,30.8,24.9,84
2020,1,26,0,31.8,24.9,80
2020,1,27,0,32.4,25.4,82
2020,1,28,0,32.5,25.2,79
2020,1,29,0,32.2,25.2,80
2020,1,30,0,31.1,24.3,78
2020,1,31,0,31.4,24.5,71
2020,2,1,0,30.3,23.6,72
2020,2,2,2.2,30.2,23,73
2020,2,3,-1,29.7,22.4,65
2020,2,4,0,29.2,24.2,70
2020,2,5,55.4,31.6,24,76
2020,2,6,30.6,27,24.5,95
2020,2,7,37.1,29.6,24.3,89
2020,2,8,0,30.4,23.2,80
2020,2,9,47,30.6,23.3,79
2020,2,10,4,29.3,23.5,82
2020,2,11,0,29.8,23.7,72
2020,2,12,3.8,30,23.9,77
2020,2,13,0,29.6,24.1,80
2020,2,14,0,30.5,25.6,77
2020,2,15,0,30.4,23.9,75
2020,2,16,-1,30.1,25,75
2020,2,17,1,30.1,24.6,81
2020,2,18,-1,30.5,24.9,79
2020,2,19,2.9,30.4,24.4,78
2020,2,20,9.4,29.6,23.3,82
2020,2,21,5.4,30.7,23.6,78
2020,2,22,0,30.1,23.6,78
2020,2,23,0.8,30.6,24.1,75
2020,2,24,0,30.3,24.7,77
2020,2,25,1.1,31.2,25.9,77
2020,2,26,0,30.9,24.7,73
2020,2,27,4.7,30.6,24.6,84
2020,2,28,0.6,29.8,24.7,83
2020,2,29,0,30.4,24.2,69
2020,3,1,0,30.6,24.4,69
2020,3,2,0,30.8,24,71
2020,3,3,0,30.1,23.8,71
2020,3,4,0,30.6,26.8,73
2020,3,5,1.1,32,25.9,79
2020,3,6,2.1,32.2,25.7,83
2020,3,7,0,31.1,25.6,81
2020,3,8,0,32.4,25,79
2020,3,9,0,32.6,23.9,71
2020,3,10,0,32.7,25.7,74
2020,3,11,0,32.3,25.9,71
2020,3,12,0,32.8,24.3,65
2020,3,13,0,32.3,23.8,71
2020,3,14,0,32.8,24.1,71
2020,3,15,0,32.5,24.9,65
2020,3,16,0,32.3,23.8,62
2020,3,17,0,32,25.4,68
2020,3,18,0,31.6,25.8,73
2020,3,19,0,31.5,24.8,73
2020,3,20,0,32.7,24.9,69
2020,3,21,0,32.5,26.1,72
2020,3,22,0,32.3,24.6,71
2020,3,23,0,32.5,24.7,68
2020,3,24,0,32.8,25.2,67
2020,3,25,1,31.4,24.1,71
2020,3,26,3,31.8,24.3,81
2020,3,27,0,32.2,25.9,72
2020,3,28,-1,32.4,24.6,73
2020,3,29,0,32.1,25.6,68
2020,3,30,0,32.5,24,67
2020,3,31,0,32.6,24.3,66
2020,4,1,0,32.9,24.8,69
2020,4,2,0,33,25.4,69
2020,4,3,0,33,25.5,77
2020,4,4,0,33.1,24.6,67
2020,4,5,0,32.5,25.5,67
2020,4,6,0,32.9,24.2,67
2020,4,7,0,34.1,25.2,69
2020,4,8,0,33.9,25.2,73
2020,4,9,0,33.8,25.9,71
2020,4,10,0,32.9,25,70
2020,4,11,0,32.5,24.1,67
2020,4,12,0,33.6,24.1,68
2020,4,13,0,34.4,25,68
2020,4,14,0,34,24.5,69
2020,4,15,0,33.6,25.8,70
2020,4,16,0,34.3,25.8,68
2020,4,17,0,34,27,71
2020,4,18,0,33.3,26.4,72
2020,4,19,-1,33.8,26.7,69
2020,4,20,0,33.5,27.7,75
2020,4,21,0,33.2,26.4,79
2020,4,22,0,33.8,26,72
2020,4,23,-1,33.9,27.1,74
2020,4,24,0,33.4,27.4,75
2020,4,25,0.3,33,26.7,74
2020,4,26,0,33.5,26.9,68
2020,4,27,-1,33.4,26.3,75
2020,4,28,0,32.4,25.8,76
2020,4,29,0,33.1,26.9,69
2020,4,30,0,33.6,26.1,71
2020,5,1,0.6,33.4,24.9,75
2020,5,2,5.8,32.7,26,76
2020,5,3,3.6,30.8,26.3,87
2020,5,4,-1,33.3,26.9,77
2020,5,5,0,33.7,27.4,76
2020,5,6,0,35.5,27.6,72
2020,5,7,2.2,35.6,25.9,74
2020,5,8,0,34.7,27.7,72
2020,5,9,0,34.8,26.6,71
2020,5,10,0,35.6,27.4,71
2020,5,11,0,34.3,27.8,72
2020,5,12,-1,34.1,26.3,82
2020,5,13,1.2,34.1,26.9,77
2020,5,14,6,34,27.3,80
2020,5,15,0,33.8,28.4,77
2020,5,16,0,33.3,27.2,79
2020,5,17,0,34.3,28.2,71
2020,5,18,0,34.2,28.1,72
2020,5,19,0,34.9,28,74
2020,5,20,0,34.6,27.9,78
2020,5,21,0,34.9,26.2,76
2020,5,22,0,34.9,26.1,75
2020,5,23,0,33.9,27.2,73
2020,5,24,0,34.9,27.3,71
2020,5,25,0,35.1,27.4,73
2020,5,26,0,34.7,26.4,72
2020,5,27,0.2,34.9,28.2,73
2020,5,28,9.8,34,25.8,78
2020,5,29,3.2,33.5,25.7,77
2020,5,30,0.4,33.6,26.7,75
2020,5,31,3.6,32.4,25.9,75
2020,6,1,1,34.1,25.8,71
2020,6,2,0,33.8,26.3,71
2020,6,3,0,34.1,26.8,70
2020,6,4,9.6,34.8,25.2,72
2020,6,5,0.2,33.5,26.3,76
2020,6,6,1.2,34.2,26,70
2020,6,7,1.4,32.7,25.6,77
2020,6,8,0,32.6,26.2,77
2020,6,9,5,32.8,26.4,75
2020,6,10,31.6,28.6,25,90
2020,6,11,0.8,31,26.3,80
2020,6,12,0,31.3,25.9,78
2020,6,13,0,32.5,26.9,73
2020,6,14,0,31.8,27.1,75
2020,6,15,6,32.6,24,78
2020,6,16,1,31.4,26,79
2020,6,17,0.4,32.8,26.2,78
2020,6,18,8.3,30.5,24.7,88
2020,6,19,-1,31.1,25.1,84
2020,6,20,5,32.8,26.4,74
2020,6,21,5,32.4,25.9,78
2020,6,22,0.8,32.4,26.2,75
2020,6,23,0,32.5,26.2,74
2020,6,24,3,32.3,25.4,78
2020,6,25,0.4,32.3,26.2,80
2020,6,26,7.8,31.7,24.7,80
2020,6,27,7,31.3,25.2,83
2020,6,28,5.6,31.8,24.9,79
2020,6,29,2.4,30.5,23.4,86
2020,6,30,0,31.3,25.5,82
2020,7,1,-1,32.2,25.6,75
2020,7,2,0.4,31.9,26.7,76
2020,7,3,7.2,31.3,25,86
2020,7,4,4,32.1,25.3,78
2020,7,5,0,32.2,25.3,79
2020,7,6,0,31.7,25.9,76
2020,7,7,0,31.6,26.7,75
2020,7,8,20.4,32.4,24.7,77
2020,7,9,0.1,32.3,26.2,80
2020,7,10,21.2,33.3,23.8,80
2020,7,11,0.3,32.2,25.6,82
2020,7,12,5,32.8,25.8,76
2020,7,13,0,33.4,26.6,77
2020,7,14,20,32.5,25.1,78
2020,7,15,0.2,32.6,26.6,80
2020,7,16,0,32.4,26.6,77
2020,7,17,4.5,31.8,25.8,78
2020,7,18,-1,31,26.3,78
2020,7,19,1.2,31.6,25.5,77
2020,7,20,14.2,32.3,24.2,80
2020,7,21,3.3,29.5,25.3,85
2020,7,22,0,32.2,26.3,80
2020,7,23,0,32.5,25.9,75
2020,7,24,4.4,31.6,23.8,82
2020,7,25,1.4,33,25.8,81
2020,7,26,27.4,32.5,24.9,81
2020,7,27,17,31.8,26,83
2020,7,28,12.4,30.7,24.6,89
2020,7,29,2,30.8,25.7,79
2020,7,30,0,32,26.6,79
2020,7,31,114.2,31.8,24.3,79
2020,8,1,47.6,31,23.3,87
2020,8,2,0,31,25.4,86
2020,8,3,1,31,25.2,81
2020,8,4,15,31.6,24.3,79
2020,8,5,3.7,31.1,24.1,82
2020,8,6,42.6,32.3,24.9,83
2020,8,7,2,31.3,25.4,82
2020,8,8,0.2,32.2,26,80
2020,8,9,0,31.6,27.4,79
2020,8,10,0,34,25.6,77
2020,8,11,4,32.6,25.2,78
2020,8,12,28,31.7,24,81
2020,8,13,49.6,31.8,24.4,84
2020,8,14,17.6,31.2,24.5,86
2020,8,15,0,32.5,25.4,81
2020,8,16,38,32.9,24.9,82
2020,8,17,48.2,32.2,23.9,83
2020,8,18,18.2,30.9,24.8,84
2020,8,19,83,30.3,24,88
2020,8,20,3.2,31,24.8,84
2020,8,21,0,32.9,25.6,80
2020,8,22,0,32.5,25.6,77
2020,8,23,0,32.2,25.8,80
2020,8,24,0,33.2,26,77
2020,8,25,0,33.7,26.6,75
2020,8,26,0,33.7,26.2,76
2020,8,27,0,32.9,26.4,76
2020,8,28,-1,33.9,26.9,73
2020,8,29,-1,33.4,27.4,69
2020,8,30,0,32.4,26.1,73
2020,8,31,0,32.4,26.1,77
2020,9,1,5,34.4,24.8,73
2020,9,2,0,33.7,25.6,78
2020,9,3,0,33.8,25.8,73
2020,9,4,0,33.8,26.2,76
2020,9,5,-1,34,26.4,78
2020,9,6,0,33.9,26.6,78
2020,9,7,0,33.5,26.9,78
2020,9,8,7,33.4,23.6,74
2020,9,9,3.8,33,25.5,77
2020,9,10,8.8,30,24.6,86
2020,9,11,-1,32.7,25.4,78
2020,9,12,0,33.2,25.2,77
2020,9,13,15.1,33.5,24.1,76
2020,9,14,3.7,31.6,24.4,87
2020,9,15,34,30.6,24.4,87
2020,9,16,11,29.6,25.3,86
2020,9,17,3.1,29.6,24,91
2020,9,18,0,32,24.4,80
2020,9,19,0,32.7,26.4,77
2020,9,20,0,33,26.1,76
2020,9,21,4,32.5,25.6,82
2020,9,22,44,31.5,24.4,90
2020,9,23,0,32.8,25.4,81
2020,9,24,0,33.2,25.6,73
2020,9,25,0,32.6,25.6,74
2020,9,26,0.4,32.4,25.1,81
2020,9,27,0,32.5,25.7,75
2020,9,28,9.8,31.9,25.4,79
2020,9,29,5.6,31.8,24.6,86
2020,9,30,0,32.5,25.6,83
2020,10,1,0.2,34,25.3,77
2020,10,2,-1,30.9,24.8,82
2020,10,3,0,32.1,26.2,83
2020,10,4,5.2,31.8,25.6,82
2020,10,5,0,32.4,25.4,81
2020,10,6,35.2,32.1,25.8,81
2020,10,7,18.4,31.2,24.8,85
2020,10,8,4,31.4,24.4,89
2020,10,9,35.8,30.9,24.3,88
2020,10,10,0,32.1,25.4,86
2020,10,11,49.8,31.9,24,89
2020,10,12,9.8,32.1,24.4,82
2020,10,13,3.6,30.8,24.8,85
2020,10,14,1.8,32.5,25.4,80
2020,10,15,10.4,32.1,25.3,88
2020,10,16,4.7,31.9,25.2,84
2020,10,17,22.8,32,23.9,84
2020,10,18,0,31.8,25.2,82
2020,10,19,-1,29.7,25.8,86
2020,10,20,0,31.2,25.9,82
2020,10,21,0,32.1,26.4,76
2020,10,22,0,32.5,25.2,77
2020,10,23,33.6,33.3,24.8,86
2020,10,24,-1,32.9,26.4,78
2020,10,25,43.4,29.9,24.1,87
2020,10,26,0.4,29.7,24.9,82
2020,10,27,4,31.9,24.3,84
2020,10,28,1.2,31.3,24.4,80
2020,10,29,7.4,31.6,25.2,81
2020,10,30,0,32.1,25.8,79
2020,10,31,16.6,32.8,24.5,80
2020,11,1,10.6,31.8,24.8,82
2020,11,2,10.4,31.7,24,84
2020,11,3,0,32.1,25,80
2020,11,4,2.9,32.3,25.4,78
2020,11,5,-1,30.1,24.6,87
2020,11,6,4,31.8,25.5,77
2020,11,7,0.2,29.9,24.3,85
2020,11,8,0.8,30.7,23.7,85
2020,11,9,1,32.5,23.2,83
2020,11,10,-1,32,25.4,80
2020,11,11,4,30.2,24.7,79
2020,11,12,0,32,25.2,84
2020,11,13,0,32.5,26.1,79
2020,11,14,0.4,32.4,26.3,80
2020,11,15,0,32.1,25.6,76
2020,11,16,0,31.6,26.5,77
2020,11,17,0,32.1,25.9,81
2020,11,18,37,32.1,24.7,81
2020,11,19,0,31.5,24.8,81
2020,11,20,0,32.6,26,77
2020,11,21,0,31.6,26.5,81
2020,11,22,-1,32.5,26.3,77
2020,11,23,-1,30.2,25.4,79
2020,11,24,0,31.9,26.8,78
2020,11,25,1.2,32.2,25.1,78
2020,11,26,0.1,32.9,25.6,80
2020,11,27,0.5,29.5,25,84
2020,11,28,0.4,31.5,25.7,82
2020,11,29,0,31.7,25.8,80
2020,11,30,6.2,32.3,25.6,81
2020,12,1,36,31.6,25.1,80
2020,12,2,0.6,31.6,25,89
2020,12,3,0,30.9,25.4,85
2020,12,4,34.4,31.8,23.5,82
2020,12,5,1.2,31.1,25.8,84
2020,12,6,9.4,30,24.4,90
2020,12,7,8.8,31.1,24.1,85
2020,12,8,1.2,30.6,25.2,86
2020,12,9,0,31.7,24.9,82
2020,12,10,7.8,31.8,24.2,85
2020,12,11,0,31.6,25.2,85
2020,12,12,0,31.8,25.5,82
2020,12,13,0,32.2,25.4,79
2020,12,14,5.6,31.9,25.4,82
2020,12,15,0,31.1,26,82
2020,12,16,7.2,29.4,24.3,87
2020,12,17,13.9,31.1,24.9,86
2020,12,18,40.7,27.6,24.8,93
2020,12,19,1,30.9,25.7,87
2020,12,20,0,31.7,25.9,82
2020,12,21,2.3,31.2,25.7,80
2020,12,22,0,31.9,25.2,79
2020,12,23,0,31.2,24.9,78
2020,12,24,0,31.4,26.2,76
2020,12,25,8.6,29.1,25.6,90
2020,12,26,35.3,31.3,24.1,86
2020,12,27,14.3,30.4,24.9,89
2020,12,28,1.2,27.6,24.1,93
2020,12,29,14,31.8,25.1,84
2020,12,30,19,31,25.4,85
2020,12,31,0,30.3,25.1,84
2021,1,1,0,31,25.5,81
2021,1,2,29.9,30.4,24.2,84
2021,1,3,-1,29.2,24.7,88
2021,1,4,11.2,29.6,24.1,82
2021,1,5,0.3,30.7,25,84
2021,1,6,13.3,30.7,25,88
2021,1,7,3.2,28.6,24.9,88
2021,1,8,1.3,29.1,24.3,88
2021,1,9,7.4,30.4,24.6,87
2021,1,10,15.4,28.8,24,88
2021,1,11,2,28,24,86
2021,1,12,3.8,27,24.1,78
2021,1,13,0,30,25.2,81
2021,1,14,0,30.5,24.1,87
2021,1,15,0,31.2,24.4,77
2021,1,16,27,29.7,24.8,85
2021,1,17,4.4,30,24.5,82
2021,1,18,7,27.8,24.5,88
2021,1,19,0,29.5,25.2,83
2021,1,20,9.4,31.4,25,87
2021,1,21,1,30.6,24.8,92
2021,1,22,-1,30.5,24,92
2021,1,23,0,32.1,23.9,83
2021,1,24,0,31.4,25.7,80
2021,1,25,0,31.3,22.9,77
2021,1,26,6,31.2,24.4,73
2021,1,27,0.2,30.3,24.6,82
2021,1,28,13.2,31.3,23.6,84
2021,1,29,37.6,31.5,23.4,77
2021,1,30,14.8,27,23.7,87
2021,1,31,0.8,30,25,74
2021,2,1,30.3,28.3,24.2,80
2021,2,2,21.7,28.2,23.4,85
2021,2,3,3.2,30,23.9,81
2021,2,4,0,30.8,24.8,80
2021,2,5,0,30.9,25.4,85
2021,2,6,2.8,31.5,25.2,79
2021,2,7,16,30.7,23.6,85
2021,2,8,8.6,27.2,23.6,91
2021,2,9,2.2,29.5,24.7,85
2021,2,10,0,31.4,25.3,91
2021,2,11,30,30.4,23.6,92
2021,2,12,9,31.3,24.8,90
2021,2,13,6,31.3,25,84
2021,2,14,2.8,29.1,24.8,89
2021,2,15,0,30.3,25.9,76
2021,2,16,0.4,30.8,25.6,77
2021,2,17,6.4,30.7,24.1,83
2021,2,18,0,30.6,24.4,74
2021,2,19,0,30.2,23.9,66
2021,2,20,-1,27.3,24.6,68
2021,2,21,13.4,28.7,23.6,84
2021,2,22,0,29.4,24,88
2021,2,23,0,31.1,24.6,83
2021,2,24,0,31.8,23.6,84
2021,2,25,0,31.3,24.4,82
2021,2,26,0,31.6,24.8,86
2021,2,27,0,32,25.7,81
2021,2,28,3.3,31.2,23.8,76
2021,3,1,0,31.5,26.2,71
2021,3,2,0,31.3,25.8,77
2021,3,3,0,31.2,24.3,69
2021,3,4,-1,31.2,24.6,77
2021,3,5,1.2,31.3,24.2,76
2021,3,6,0,31.6,24.8,73
2021,3,7,2.6,32,24.2,72
2021,3,8,6,31,24.7,77
2021,3,9,2,32,25,79
2021,3,10,5.2,32.2,24.1,76
2021,3,11,8.6,26.8,24.6,91
2021,3,12,6.2,29.6,24.6,84
2021,3,13,1.8,30.2,25.2,84
2021,3,14,0,31.6,24.7,78
2021,3,15,0,32.8,26,76
2021,3,16,0,32.7,25.8,79
2021,3,17,0,32.6,24.3,77
2021,3,18,0,32.3,25.5,72
2021,3,19,0,32.2,25.6,74
2021,3,20,2.4,32.3,25.9,74
2021,3,21,0,32.3,25.6,78
2021,3,22,0,32,27,73
2021,3,23,8.6,32.4,25.6,70
2021,3,24,10.2,31.8,25.7,82
2021,3,25,2.6,31.3,24.6,80
2021,3,26,0,31.3,24.4,76
2021,3,27,0,31.1,25.3,78
2021,3,28,1,32.5,25.4,77
2021,3,29,0,31.5,24.8,75
2021,3,30,3.8,32.5,26,80
2021,3,31,28,29.2,25.2,86
2021,4,1,-1,31.2,25.3,78
2021,4,2,0,32.2,25.2,78
2021,4,3,0,31.5,24.4,80
2021,4,4,0,31.8,25.6,69
2021,4,5,0,32,25.5,71
2021,4,6,-1,31.9,26.6,75
2021,4,7,0,31.8,24.6,70
2021,4,8,8.3,31.3,24.8,70
2021,4,9,8.5,30.9,24.1,82
2021,4,10,0,31.8,25.3,77
2021,4,11,0,31.5,25.1,72
2021,4,12,0,32.4,25.6,74
2021,4,13,0,31.9,25.4,74
2021,4,14,0,32.8,25.7,77
2021,4,15,3,32.8,24.1,81
2021,4,16,0,32.9,26.5,77
2021,4,17,4,32.9,24.6,69
2021,4,18,0.8,29.9,25.6,71
2021,4,19,-1,31.7,27.7,70
2021,4,20,1.6,32.7,26.7,73
2021,4,21,0,32.2,25.6,76
2021,4,22,2,32.2,24.7,79
2021,4,23,-1,32,26.1,75
2021,4,24,0,33.8,25.8,72
2021,4,25,20.4,33.1,24.5,75
2021,4,26,2.8,31,24.1,76
2021,4,27,0.6,30.9,25,75
2021,4,28,0,31.4,25.6,77
2021,4,29,0,31.2,25,76
2021,4,30,0,32.5,25.7,76
2021,5,1,0,33,25.9,72
2021,5,2,-1,32,26.2,75
2021,5,3,2.5,32.5,25.8,76
2021,5,4,-1,31.3,26.4,82
2021,5,5,1.6,32.7,26.4,82
2021,5,6,0,32.7,27.2,77
2021,5,7,2.6,33,26.4,72
2021,5,8,0,33,26.5,78
2021,5,9,0.4,32.7,27.7,75
2021,5,10,-1,32.4,27.2,79
2021,5,11,-1,33.2,27.2,74
2021,5,12,4.2,32.8,25.8,77
2021,5,13,2,32.6,26.8,78
2021,5,14,0,32.4,26.6,74
2021,5,15,25.4,32.8,24,83
2021,5,16,0,32,27,76
2021,5,17,0,33.5,27.6,77
2021,5,18,1.6,32,26.8,77
2021,5,19,1.2,31.3,26.5,79
2021,5,20,2.8,32.2,25.8,83
2021,5,21,0.1,30.5,25,82
2021,5,22,-1,33.4,25.1,80
2021,5,23,0,33,25.8,77
2021,5,24,0,34.1,25.8,80
2021,5,25,0.6,32.7,26.7,78
2021,5,26,42.6,33,24.1,79
2021,5,27,2.1,32.3,26,83
2021,5,28,0,33,26.8,78
2021,5,29,1.2,33.8,27.3,76
2021,5,30,28.6,31.4,24,82
2021,5,31,1.1,31.9,26,84
2021,6,1,102.7,29.4,24,91
2021,6,2,-1,31.2,24.6,84
2021,6,3,0,32.9,26,79
2021,6,4,1.4,33.4,24.4,74
2021,6,5,-1,33,26,78
2021,6,6,9.8,30.1,24.6,83
2021,6,7,15.3,31.8,24.5,78
2021,6,8,0.3,31.8,25.6,88
2021,6,9,9,31.4,25.4,85
2021,6,10,0,32.2,25.6,80
2021,6,11,12.6,30.8,23.7,84
2021,6,12,2.4,30.7,24.9,88
2021,6,13,0.8,32.2,24.9,82
2021,6,14,0,32.8,25.2,80
2021,6,15,0,32.9,26.4,77
2021,6,16,0,32.6,26,79
2021,6,17,0,33.6,25.6,79
2021,6,18,9.4,33.3,25.3,77
2021,6,19,3.4,32.4,25.2,79
2021,6,20,0,32.2,26,75
2021,6,21,0,32.1,26.1,74
2021,6,22,40.9,33.5,23.8,83
2021,6,23,0,32.3,25.5,83
2021,6,24,0,33,26,75
2021,6,25,-1,33.8,25.8,73
2021,6,26,8.6,32.9,23.8,79
2021,6,27,0,32.5,25.8,79
2021,6,28,0,32.6,25.5,74
2021,6,29,7.4,33.5,24.5,79
2021,6,30,2.2,33.2,26.5,78
2021,7,1,2.2,32.1,24.4,78
2021,7,2,0,31.9,25.8,79
2021,7,3,35.2,30.7,24.4,87
2021,7,4,10.2,32.4,25.1,81
2021,7,5,8.2,32,25,81
2021,7,6,1.3,31.9,24.6,84
2021,7,7,4.4,31.5,26.2,85
2021,7,8,0,32.1,26.4,76
2021,7,9,21,31.5,24.1,80
2021,7,10,2.8,32.1,24.2,82
2021,7,11,0,32,26.2,77
2021,7,12,0,32.2,26.1,75
2021,7,13,0,30.5,26,78
2021,7,14,34,30.9,25.3,82
2021,7,15,0,32.8,25.8,81
2021,7,16,1.2,31.2,25.6,74
2021,7,17,0,31.8,25.4,78
2021,7,18,4.6,32.9,26,75
2021,7,19,3,33.2,26.2,76
2021,7,20,0,33.7,27.8,69
2021,7,21,0,34.7,28.4,69
2021,7,22,-1,34,25.6,68
2021,7,23,1.2,32.3,27.2,68
2021,7,24,-1,33.2,27.2,69
2021,7,25,0,33.9,25.6,70
2021,7,26,-1,33.6,26.7,69
2021,7,27,1,32.6,27.4,73
2021,7,28,0,34,27.1,73
2021,7,29,0,34.6,26.6,72
2021,7,30,0,34.2,26.5,66
2021,7,31,0,34,26.8,71
2021,8,1,0,34,26.8,68
2021,8,2,3,34.1,25.6,69
2021,8,3,0,33.3,27.7,70
2021,8,4,0,33.8,26.8,70
2021,8,5,0,34.4,26.7,72
2021,8,6,0,34.1,26.5,70
2021,8,7,0,34.1,26.6,72
2021,8,8,13,31.4,25.1,84
2021,8,9,2.8,28.7,24.4,88
2021,8,10,0,32.1,24.4,82
2021,8,11,-1,34,26.4,74
2021,8,12,0,34.4,26.2,75
2021,8,13,4.4,34.2,24.4,75
2021,8,14,2.4,32.2,24.2,84
2021,8,15,0,32.6,25.6,78
2021,8,16,-1,33.9,26.6,74
2021,8,17,5.2,33.2,26.1,75
2021,8,18,2,33.8,26.1,84
2021,8,19,1,32.7,25.4,80
2021,8,20,20.3,30.8,24.4,80
2021,8,21,0,32.3,25.3,84
2021,8,22,4,32.6,24.8,84
2021,8,23,53.6,32.6,23.3,78
2021,8,24,2.2,29,23.5,88
2021,8,25,2,31.8,24.7,85
2021,8,26,4.4,30,24.6,86
2021,8,27,13.4,32.4,25.2,79
2021,8,28,5.2,28.3,23.8,88
2021,8,29,0.2,31.5,25,82
2021,8,30,-1,32.5,25.4,77
2021,8,31,4.2,32.8,25.6,74
2021,9,1,0.2,30.5,25.2,85
2021,9,2,0,33,24.6,82
2021,9,3,15.2,32.7,24.6,79
2021,9,4,6.2,32.7,25.2,83
2021,9,5,0.2,31,25.4,85
2021,9,6,27.5,30.6,24.7,86
2021,9,7,0.8,30.3,25.2,84
2021,9,8,0,32.4,26.4,74
2021,9,9,1.3,31,25.6,76
2021,9,10,0,31.6,25.2,78
2021,9,11,0,31.7,25.6,79
2021,9,12,4.4,33.4,24.9,77
2021,9,13,16,32.1,24.6,79
2021,9,14,6.1,29.8,24.2,86
2021,9,15,3,32.6,24.2,76
2021,9,16,10.2,30.8,23.4,91
2021,9,17,-1,31.4,25.1,81
2021,9,18,0,32.5,25,81
2021,9,19,5.4,31,25.1,80
2021,9,20,7,28.8,24.3,88
2021,9,21,-1,32.1,25.6,78
2021,9,22,0,32.2,25.9,80
2021,9,23,0.4,32.1,25.8,79
2021,9,24,0,32.7,26.2,77
2021,9,25,3.2,32.8,25.2,76
2021,9,26,0,33.6,24.6,82
2021,9,27,0,32.9,25.8,74
2021,9,28,5,33.6,25.6,76
2021,9,29,0,33.4,26,78
2021,9,30,12.3,35,25.4,82
2021,10,1,1.5,33.2,25.4,86
2021,10,2,0.4,33,25,82
2021,10,3,74.2,32.4,24.2,82
2021,10,4,10.2,29,25,88
2021,10,5,15.2,30.2,24.4,86
2021,10,6,0,32.2,25.5,80
2021,10,7,0,32.6,26.2,82
2021,10,8,6.7,29.1,24.8,87
2021,10,9,5.4,28.9,24.9,88
2021,10,10,-1,31,27.3,78
2021,10,11,2.1,31.4,25,78
2021,10,12,0,32.1,26.3,81
2021,10,13,0,33.3,26.6,73
2021,10,14,2,31.2,26,83
2021,10,15,4.1,29,24.2,88
2021,10,16,0,32.6,25.1,80
2021,10,17,-1,33,26.6,76
2021,10,18,-1,32.6,26.6,77
2021,10,19,0.8,33.1,25.6,81
2021,10,20,-1,31.5,25.6,81
2021,10,21,0,32.3,25.9,79
2021,10,22,51.6,31.3,24.2,86
2021,10,23,15.4,30,24.1,89
2021,10,24,0,31.8,25.7,81
2021,10,25,-1,32.4,25.6,78
2021,10,26,7.2,31.9,25.2,80
2021,10,27,2,31.6,25.5,81
2021,10,28,1,30.9,25,80
2021,10,29,-1,31.9,25.4,78
2021,10,30,0.8,31.9,25.9,77
2021,10,31,1.8,29.1,24.5,88
2021,11,1,2,32.3,25.8,77
2021,11,2,6.1,29,25.2,84
2021,11,3,-1,32.1,25.6,79
2021,11,4,16.2,33.2,25.4,82
2021,11,5,0,32,25.8,83
2021,11,6,3.4,32.4,25,76
2021,11,7,5.8,31.8,26.4,80
2021,11,8,0,32.3,27,76
2021,11,9,3,30.9,25.6,87
2021,11,10,0,32.3,26.2,80
2021,11,11,1.8,32.4,25.4,81
2021,11,12,2.5,32.5,25.3,79
2021,11,13,17.6,32,25.1,84
2021,11,14,0,32,26.2,80
2021,11,15,40.7,32.7,25.3,81
2021,11,16,0,31.5,26,85
2021,11,17,9.4,31.1,25.7,79
2021,11,18,0,32.4,24.2,78
2021,11,19,0,32.5,25.3,79
2021,11,20,9,32.9,24.9,80
2021,11,21,8.6,31.9,25.4,83
2021,11,22,0,32.4,26.4,81
2021,11,23,0,31.8,26.9,72
2021,11,24,1.2,31.6,25.9,78
2021,11,25,2.2,31.8,24.8,83
2021,11,26,15.1,31.5,25.4,80
2021,11,27,0.4,30.6,25.5,83
2021,11,28,1,31.3,25.3,83
2021,11,29,0,32.2,24.9,77
2021,11,30,0.4,31.9,25.7,79
2021,12,1,0,32,24.6,81
2021,12,2,0,32.4,25,75
2021,12,3,-1,29.8,24.3,77
2021,12,4,0,31.1,24.2,71
2021,12,5,0,30.9,23.6,74
2021,12,6,0,30.8,25.5,73
2021,12,7,6.4,31.2,24.9,78
2021,12,8,7.8,31.7,25.3,81
2021,12,9,0.6,28.1,25.8,82
2021,12,10,62.7,28.2,24.8,88
2021,12,11,0,30.4,25.9,84
2021,12,12,0,31.6,25.5,79
2021,12,13,3.5,31.1,25.3,78
2021,12,14,0,31,24.7,77
2021,12,15,1.8,30.7,25.1,78
2021,12,16,75,28.1,24.4,88
2021,12,17,0,-999,-999,-999
2021,12,18,0,-999,-999,-999
2021,12,19,-1,-999,-999,-999
2021,12,20,0,-999,-999,-999
2021,12,21,0,-999,-999,-999
2021,12,22,0,-999,-999,-999
2021,12,23,0,-999,-999,-999
2021,12,24,4,-999,-999,-999
2021,12,25,0,-999,-999,-999
2021,12,26,0,-999,-999,-999
2021,12,27,-1,31.1,24.2,72
2021,12,28,7.8,29.3,24,83
2021,12,29,7.5,26.7,23.4,86
2021,12,30,15.5,29,24.5,82
2021,12,31,7.6,26.6,24.1,80
2022,1,1,5.4,26.9,23.4,86
2022,1,2,14.2,27.2,23.7,88
2022,1,3,14.2,28.7,23.6,80
2022,1,4,-1,29.8,24.3,77
2022,1,5,0,30.2,24.4,75
2022,1,6,0,30.9,24.6,66
2022,1,7,0,30.7,23.1,77
2022,1,8,0,30.5,24.3,76
2022,1,9,0,30.8,25.2,70
2022,1,10,0,31.3,24.7,74
2022,1,11,0,30.4,25.7,76
2022,1,12,0,30.7,25.7,71
2022,1,13,3.2,30.5,24.7,70
2022,1,14,0,30.4,23.2,61
2022,1,15,-1,30.1,25.1,65
2022,1,16,0,30.6,25.3,71
2022,1,17,-1,30.9,25.9,69
2022,1,18,-1,30.1,24.4,73
2022,1,19,0,31.2,24.3,76
2022,1,20,0,31.2,24.2,75
2022,1,21,0,31.4,24.7,74
2022,1,22,0.1,31,25.4,75
2022,1,23,-1,30.2,26.1,82
2022,1,24,10.6,30.5,24.7,79
2022,1,25,49.5,28.1,24.1,88
2022,1,26,0,30.4,25.5,80
2022,1,27,0,31.4,25.3,78
2022,1,28,0,31.1,25.5,74
2022,1,29,0,30.8,24.7,75
2022,1,30,0,31.6,24.8,75
2022,1,31,0,31.4,25.4,77
2022,2,1,0,31.5,25.4,74
2022,2,2,0,31.1,25.8,74
2022,2,3,-1,31.1,25,70
2022,2,4,0,29.8,25.6,73
2022,2,5,2.9,31.8,24.2,74
2022,2,6,0.8,30.7,24.8,75
2022,2,7,0.5,31.1,25,75
2022,2,8,0,29.8,25.5,78
2022,2,9,0.4,29.9,26,74
2022,2,10,0.2,28.9,25,75
2022,2,11,4.4,30.6,25.2,79
2022,2,12,-1,29.7,23.8,81
2022,2,13,-1,31.3,24.7,78
2022,2,14,0.6,31,24.5,75
2022,2,15,0,30.5,25.4,70
2022,2,16,-1,31.4,24.9,67
2022,2,17,0,30.9,25,69
2022,2,18,0,30.5,24.9,71
2022,2,19,-1,31.4,24.7,77
2022,2,20,0.2,32.1,24.5,73
2022,2,21,4.8,29.9,23.5,80
2022,2,22,0,30.6,24.3,75
2022,2,23,3,29.8,24.5,74
2022,2,24,0.8,31.9,25.2,73
2022,2,25,0,30.5,25.8,70
2022,2,26,0.8,32.4,26,67
2022,2,27,26.2,30.9,24.3,77
2022,2,28,14,27.8,24.1,90
2022,3,1,1.4,31.3,24.4,73
2022,3,2,14.4,30.4,24.9,81
2022,3,3,4.7,28.6,23.3,82
2022,3,4,0,30.3,25,77
2022,3,5,9.3,30.9,24.5,80
2022,3,6,14,30,24.3,83
2022,3,7,1.9,30.1,24.9,81
2022,3,8,-1,30.2,26.4,77
2022,3,9,15.2,30.1,24.6,82
2022,3,10,9.2,28.9,25.5,83
2022,3,11,3.6,30.8,25.1,86
2022,3,12,1.8,31.2,25,80
2022,3,13,1,31.1,25.3,79
2022,3,14,8,31.5,25.4,74
2022,3,15,0,31.4,26.3,82
2022,3,16,0,31.3,26.1,77
2022,3,17,0,31.7,26.4,72
2022,3,18,0,31.7,25.8,76
2022,3,19,0,32.3,26.2,74
2022,3,20,2.4,32,25.2,82
2022,3,21,0,31.5,26.2,74
2022,3,22,2.6,32.1,26,74
2022,3,23,0,32.7,26.4,73
2022,3,24,0,32.1,26.2,75
2022,3,25,0,32.3,26,75
2022,3,26,0.4,32.2,26.3,69
2022,3,27,-1,30.7,25.1,77
2022,3,28,12.6,30,25.3,80
2022,3,29,0,31.6,25.5,73
2022,3,30,-1,31.9,26,67
2022,3,31,-1,32.2,26.6,73
2022,4,1,17.2,32,24.8,76
2022,4,2,14,31.2,23.4,77
2022,4,3,7.6,31.2,25.4,80
2022,4,4,1.4,31.9,25.6,76
2022,4,5,21.8,27.3,24.7,88
2022,4,6,9.1,29.7,25.3,84
2022,4,7,99.9,29.9,23.7,88
2022,4,8,5.8,29.8,23.6,83
2022,4,9,25.3,26.9,23.5,90
2022,4,10,60.5,25,22.6,94
2022,4,11,10.6,28.5,24.4,84
2022,4,12,43.4,27.3,23,91
2022,4,13,0,31.5,25.1,78
2022,4,14,9.6,31.7,23.6,85
2022,4,15,0.4,30.5,23.9,80
2022,4,16,12,30.2,23.9,68
2022,4,17,1,30.9,25.4,66
2022,4,18,0,31.5,25.3,73
2022,4,19,-1,31.9,26,67
2022,4,20,1.2,32.2,25.9,74
2022,4,21,0,31.7,26.5,73
2022,4,22,0,31.7,26.4,73
2022,4,23,0,32.4,26.5,72
2022,4,24,0,32,26.7,75
2022,4,25,-1,32.6,27.3,74
2022,4,26,20.6,32.3,25,76
2022,4,27,6.6,31.3,24.7,79
2022,4,28,0,30.9,26.4,75
2022,4,29,0,31.4,26,75
2022,4,30,0,32,26.2,74
2022,5,1,0,31.5,25.5,72
2022,5,2,-1,31.8,26.4,74
2022,5,3,-1,31.6,26.2,76
2022,5,4,2,32.1,26,73
2022,5,5,-1,31.1,25.4,76
2022,5,6,0,32.6,26.8,68
2022,5,7,0,31.7,27,71
2022,5,8,0,32.7,27.1,70
2022,5,9,0.2,32.3,25.9,69
2022,5,10,0,31.5,26.4,73
2022,5,11,0,32.4,28.1,69
2022,5,12,0,32.8,26.6,67
2022,5,13,1.8,31.8,26.1,74
2022,5,14,2.5,33.5,25.3,79
2022,5,15,2.6,31.3,26.1,85
2022,5,16,15.2,32.1,25.1,79
2022,5,17,11.8,31.5,24.1,76
2022,5,18,0,32.1,26.5,79
2022,5,19,0,32,26.6,75
2022,5,20,0,31.9,26.7,73
2022,5,21,23.2,33.6,24.3,80
2022,5,22,-1,32.9,24.9,80
2022,5,23,0,32.6,26.2,72
2022,5,24,0,32.1,26.8,77
2022,5,25,0,33.3,27.2,71
2022,5,26,0.2,31.9,25.5,72
2022,5,27,-1,33.2,25.3,77
2022,5,28,0.8,33.8,25.3,78
2022,5,29,6.8,32.8,23.9,76
2022,5,30,2.4,29.8,24.7,82
2022,5,31,0,34,26.6,68
2022,6,1,0,32.8,26.5,75
2022,6,2,0.1,33,25.9,75
2022,6,3,13.4,32.1,24.7,74
2022,6,4,2.4,33,25.2,74
2022,6,5,5.4,30.6,24.7,90
2022,6,6,0,33.3,25.8,73
2022,6,7,-1,33.2,25.8,64
2022,6,8,0,31.8,25.6,70
2022,6,9,0,32,26.6,67
2022,6,10,23.2,32.1,24.6,63
2022,6,11,8.4,31.9,24.9,78
2022,6,12,0,31.1,26,67
2022,6,13,21.8,31.7,23.7,62
2022,6,14,0,30.2,25.2,71
2022,6,15,0,31.3,26,64
2022,6,16,0,31.7,26,60
2022,6,17,0,31.4,26,67
2022,6,18,0.2,32.4,25.9,59
2022,6,19,2.8,32.1,25.9,63
2022,6,20,6.5,31.7,24.8,73
2022,6,21,21.4,30.3,24.8,84
2022,6,22,40.2,29.1,23.4,80
2022,6,23,0,31.4,24.3,79
2022,6,24,0,33.4,25.8,74
2022,6,25,0,32.4,25.7,70
2022,6,26,0,31.7,27.1,75
2022,6,27,1.2,32.5,25,74
2022,6,28,28.6,31,24.6,80
2022,6,29,4,31.8,26.2,75
2022,6,30,0.2,32.3,25.5,78
2022,7,1,0,32.4,26.4,75
2022,7,2,0,32,26.4,75
2022,7,3,-1,32.1,26.4,72
2022,7,4,10.8,30.8,24.8,80
2022,7,5,6.2,30,24.8,87
2022,7,6,15.8,30.6,24.5,90
2022,7,7,20.8,31.3,25,83
2022,7,8,3,31.1,25.9,82
2022,7,9,0,33,26.7,72
2022,7,10,1.4,32.1,26.7,77
2022,7,11,-1,32.1,26.5,76
2022,7,12,13.6,33.7,26,72
2022,7,13,5.4,31.8,25.5,74
2022,7,14,3.6,31.9,25.1,74
2022,7,15,0,31.7,25.7,76
2022,7,16,2.9,31.4,26,81
2022,7,17,8.8,31,26.4,79
2022,7,18,1.8,30.1,25.6,82
2022,7,19,0,30.3,26.2,80
2022,7,20,-1,31.3,24.6,77
2022,7,21,-1,31.1,26.6,78
2022,7,22,2.6,31.5,25.2,76
2022,7,23,12.6,32.1,25.4,75
2022,7,24,37.4,31.6,25.9,76
2022,7,25,8.1,29.8,24.8,84
2022,7,26,0,32.6,26.8,74
2022,7,27,0,32.6,26.3,75
2022,7,28,0,32.8,27,74
2022,7,29,2.4,32.3,25.9,76
2022,7,30,10.8,32,25.6,78
2022,7,31,15.6,30.7,25.2,82
2022,8,1,10.6,30.6,25.3,78
2022,8,2,0,30.9,25.8,77
2022,8,3,107,32.1,25,73
2022,8,4,66.6,31.3,24.2,84
2022,8,5,22.8,30.9,24.5,86
2022,8,6,1.1,30.6,25.1,83
2022,8,7,4.8,29.9,24.1,88
2022,8,8,2.2,30.8,24.4,74
2022,8,9,3.4,30.8,25.1,77
2022,8,10,0,30.6,25.2,81
2022,8,11,0,31.6,26.2,75
2022,8,12,1.6,31.2,26.2,79
2022,8,13,23.3,30.6,25,90
2022,8,14,4.3,29.4,25.3,84
2022,8,15,0.2,31.9,25.5,74
2022,8,16,0,32.8,26.2,75
2022,8,17,32.8,32,24.1,84
2022,8,18,0,31,25.8,80
2022,8,19,-1,29.6,25.4,80
2022,8,20,0,31.6,25.8,76
2022,8,21,6.7,31.9,27.1,78
2022,8,22,1.4,30.5,25.8,75
2022,8,23,0,32.4,26.1,74
2022,8,24,36.2,31.9,23.2,78
2022,8,25,56.3,30.6,24.5,82
2022,8,26,3.4,31.4,24.2,82
2022,8,27,0,31.7,26.3,73
2022,8,28,5.6,33.4,26.6,75
2022,8,29,-1,31.9,25.1,76
2022,8,30,0,31.9,25.9,65
2022,8,31,8.6,32.6,25.4,70
2022,9,1,-1,32.1,27,70
2022,9,2,0,32.6,25.7,74
2022,9,3,0,33,26.3,74
2022,9,4,10.6,33.9,26,74
2022,9,5,1.8,31.9,24.4,84
2022,9,6,9.6,31.5,24.3,80
2022,9,7,0,31.5,26.1,75
2022,9,8,3.4,32,25.7,77
2022,9,9,4,31.2,24.1,86
2022,9,10,0,33.3,25.2,77
2022,9,11,0,33.2,26.3,75
2022,9,12,0,33.6,26.6,70
2022,9,13,0,33.6,27.2,68
2022,9,14,0.1,33.4,27.3,68
2022,9,15,0,32.8,26.4,69
2022,9,16,0,30.5,26.2,70
2022,9,17,0,33.3,26.2,69
2022,9,18,0,33.6,26.4,71
2022,9,19,0,33,26.6,72
2022,9,20,-1,34,26.2,68
2022,9,21,0,33.6,26.3,69
2022,9,22,-1,33.9,25.9,73
2022,9,23,8.8,33.3,25.4,78
2022,9,24,9.8,30.9,25,82
2022,9,25,0.5,31.3,26.5,78
2022,9,26,-1,31.7,26.2,72
2022,9,27,1,32.4,26.4,72
2022,9,28,4.2,30.6,25.2,86
2022,9,29,62.6,30.9,24.6,82
2022,9,30,34.6,30,24.9,78
2022,10,1,0.3,31.1,25.2,80
2022,10,2,2.1,31.2,27.1,76
2022,10,3,0.2,31.3,25,82
2022,10,4,4.8,30.9,25.6,77
2022,10,5,4,31.7,25.3,80
2022,10,6,-1,31,26.6,79
2022,10,7,0,31.3,26.4,75
2022,10,8,0.8,30.6,26,81
2022,10,9,0,31.6,26.7,78
2022,10,10,5.5,31.2,25.8,80
2022,10,11,12.4,32.8,25.3,82
2022,10,12,0.6,32.6,25.6,77
2022,10,13,11.1,31.8,25,82
2022,10,14,2,32.6,26.8,77
2022,10,15,16.2,31.8,26.4,86
2022,10,16,0.6,32.4,26.4,75
2022,10,17,21.6,30.8,25,84
2022,10,18,7.8,31.6,24.8,83
2022,10,19,3.2,31.4,25.7,85
2022,10,20,0.1,30.8,25.2,87
2022,10,21,0,31.4,26.7,86
2022,10,22,39.6,31.6,25,78
2022,10,23,41.2,31.4,24.4,83
2022,10,24,3,31.1,24.4,87
2022,10,25,46.2,29.9,24.8,86
2022,10,26,45.3,27.5,24.8,96
2022,10,27,15.8,30.6,25.2,82
2022,10,28,22,27.2,25.1,93
2022,10,29,41.2,29.6,24.8,91
2022,10,30,0,32.2,25.8,79
2022,10,31,0,31.9,25.2,77
2022,11,1,-1,32.5,26.2,78
2022,11,2,0.4,30.4,24.2,84
2022,11,3,20.2,30.8,24.7,80
2022,11,4,2.6,30.6,24.7,83
2022,11,5,7.4,30.7,25.8,78
2022,11,6,1.4,31.2,26,82
2022,11,7,0,31.4,26.2,78
2022,11,8,0,32,26.2,77
2022,11,9,13.4,31,25.8,81
2022,11,10,2.6,29.6,25.2,80
2022,11,11,0,30.4,26.2,82
2022,11,12,0.2,31.2,27.4,76
2022,11,13,4.4,31.2,26.4,77
2022,11,14,15.8,31.1,25.3,79
2022,11,15,2.6,31.3,26.1,82
2022,11,16,-1,30.8,26.4,80
2022,11,17,16.3,31.2,24.8,91
2022,11,18,9.2,26.9,24.9,93
2022,11,19,12.1,28.7,24.6,94
2022,11,20,0,29,24.6,89
2022,11,21,18.4,31.4,24.5,80
2022,11,22,0,30.7,25.6,81
2022,11,23,-1,31.2,26.8,78
2022,11,24,-1,31.3,27.8,76
2022,11,25,0,30.8,26.5,77
2022,11,26,0,30.6,25.7,76
2022,11,27,0,31.2,26.6,70
2022,11,28,-1,31.7,27.1,78
2022,11,29,2.8,31.6,26.2,74
2022,11,30,14.2,30.8,23,85
2022,12,1,6.1,30.8,25.8,81
2022,12,2,1,30.1,25.8,87
2022,12,3,0.6,30.2,26,82
2022,12,4,0,31.3,26.8,81
2022,12,5,0.1,28.6,24.8,84
2022,12,6,1.8,30.5,24.8,82
2022,12,7,0,30.3,26,75
2022,12,8,12.7,29.7,24.8,86
2022,12,9,7,28.1,24.6,95
2022,12,10,0.8,30.8,24.4,85
2022,12,11,11,30.9,24.7,81
2022,12,12,2.4,30,25.4,84
2022,12,13,0,30.2,26.1,84
2022,12,14,1.2,30.4,25.8,82
2022,12,15,39,31.4,25.3,85
2022,12,16,4.8,30,25,84
2022,12,17,1.8,31.2,25.7,78
2022,12,18,10.6,30.4,23.8,81
2022,12,19,14.7,30.2,24.7,81
2022,12,20,0,29.6,24.6,87
2022,12,21,4,30.2,25,84
2022,12,22,4.6,29,25.2,88
2022,12,23,1,29.9,25.2,84
2022,12,24,-1,28.8,24.7,89
2022,12,25,-1,27.4,25.4,88
2022,12,26,-1,26.8,25,94
2022,12,27,-1,28,24.6,88
2022,12,28,-1,27.8,24.6,83
2022,12,29,0,30.1,24.8,86
2022,12,30,0,30.2,24.8,82
2022,12,31,0.4,30.2,24.9,84
2023,1,1,5.2,30,24.4,86
2023,1,2,29.2,29.8,23.4,81
2023,1,3,24.2,27.4,23.8,90
2023,1,4,2,26.2,24.6,94
2023,1,5,13.4,29.6,24.2,86
2023,1,6,7.9,30.1,25,86
2023,1,7,1.4,28.2,24.2,83
2023,1,8,3.2,26.4,24.4,84
2023,1,9,1.1,28,24.4,89
2023,1,10,8.2,28.6,23.9,85
2023,1,11,17.7,27.2,23.6,84
2023,1,12,0.9,27.7,24.4,84
2023,1,13,6.6,25.9,24,90
2023,1,14,0.6,27.9,24.3,91
2023,1,15,0,30.1,24.6,86
2023,1,16,0,29.6,25,84
2023,1,17,0,29.8,25.7,88
2023,1,18,-1,29.8,25.7,84
2023,1,19,0.2,30.7,25.3,84
2023,1,20,2.2,30,24.5,82
2023,1,21,1.6,28.7,24.8,89
2023,1,22,5.5,27.2,24.4,94
2023,1,23,12.9,28.3,24,94
2023,1,24,-1,28.2,24.3,82
2023,1,25,11.4,29.8,24,71
2023,1,26,10.7,27.7,24.4,89
2023,1,27,0,29.3,25.5,85
2023,1,28,1.2,30.7,23.8,84
2023,1,29,4.5,28.5,24.7,87
2023,1,30,0.2,29.2,25,89
2023,1,31,27.7,30.2,23.8,86
2023,2,1,1.2,29,25,85
2023,2,2,1.6,31,25.4,79
2023,2,3,4.8,30.5,24.3,81
2023,2,4,6.2,30.2,24.4,85
2023,2,5,5.8,29.6,24.6,83
2023,2,6,-1,29.6,24.7,85
2023,2,7,0,30,24.4,81
2023,2,8,0.5,31,24.6,73
2023,2,9,7.9,30,24.7,84
2023,2,10,3.3,29.8,25,81
2023,2,11,1,30.2,25.4,83
2023,2,12,0,30.4,25.8,74
2023,2,13,1.8,28.8,24.6,80
2023,2,14,8.9,29.2,23.7,90
2023,2,15,4.6,30,24.2,85
2023,2,16,2.1,28.6,24.4,84
2023,2,17,0.2,28.4,25.1,77
2023,2,18,22.4,26.4,24,90
2023,2,19,0.7,29.2,23.8,91
2023,2,20,0.1,32,26,80
2023,2,21,-1,29.4,25.8,84
2023,2,22,0.3,28.6,25.4,84
2023,2,23,0,30.4,25.6,82
2023,2,24,8.4,30.3,25,83
2023,2,25,0,30.8,25.8,82
2023,2,26,2.8,31.6,25,78
2023,2,27,14.5,29.6,24.5,91
2023,2,28,0,30.4,25,84
2023,3,1,16.3,30.1,24.4,86
2023,3,2,-1,30.2,23.4,72
2023,3,3,-1,28.2,23.8,78
2023,3,4,-1,29.6,25.3,73
2023,3,5,1.4,29.6,25.3,72
2023,3,6,-1,29.7,25,74
2023,3,7,-1,30,25.4,75
2023,3,8,0,31.1,25.6,74
2023,3,9,0,30.1,24.6,70
2023,3,10,-1,30,24.6,71
2023,3,11,0,30.2,24.4,68
2023,3,12,0,29.4,24,71
2023,3,13,0,30.8,25,64
2023,3,14,0,30.2,25.6,68
2023,3,15,0,31.2,25.2,76
2023,3,16,0,31.6,26.4,74
2023,3,17,0.5,31.1,25.6,77
2023,3,18,0,29.2,24.6,81
2023,3,19,0.3,30.2,25.3,77
2023,3,20,0,30.2,24.2,75
2023,3,21,0,30.6,24.6,70
2023,3,22,0,32.2,25,73
2023,3,23,0,32,26.4,73
2023,3,24,0,32.6,26.3,76
2023,3,25,0,32,27,74
2023,3,26,0,32.2,26.2,71
2023,3,27,0,32,25.6,72
2023,3,28,0,31.6,26.6,74
2023,3,29,0,31.2,27,77
2023,3,30,0,31.4,26.3,75
2023,3,31,0.7,32.6,26.2,76
2023,4,1,0,31.5,25.8,73
2023,4,2,0,31.9,25.7,72
2023,4,3,0,31.7,26.2,67
2023,4,4,14.4,31.8,24.7,75
2023,4,5,0,31.2,23.8,64
2023,4,6,0,30.6,25.8,70
2023,4,7,1,30.4,25.5,76
2023,4,8,-1,31.4,26.2,73
2023,4,9,0,32.1,26.2,70
2023,4,10,-1,31,26.1,72
2023,4,11,-1,30.1,24,71
2023,4,12,0,33.8,25,68
2023,4,13,0,33,26.4,69
2023,4,14,0,32.6,25.6,75
2023,4,15,0,32.8,27,74
2023,4,16,0,33.4,27,74
2023,4,17,0,32.4,27.2,75
2023,4,18,0,32.9,26.4,69
2023,4,19,0,32.7,27.5,70
2023,4,20,0,32.2,27.4,75
2023,4,21,-1,33,26.8,75
2023,4,22,0,32.6,27.8,75
2023,4,23,0,33.1,28.2,70
2023,4,24,0,32.3,27.4,68
2023,4,25,0,31.7,26.8,73
2023,4,26,0,32.5,27.6,67
2023,4,27,0,32.3,27,62
2023,4,28,0,33,27.8,74
2023,4,29,13.4,32.2,25.6,77
2023,4,30,0,32.3,26.4,74
2023,5,1,0,32.8,28.8,70
2023,5,2,21,31.2,26.2,76
2023,5,3,47.3,28.2,24.5,92
2023,5,4,0.1,30.6,26.4,83
2023,5,5,0,31.6,26.8,79
2023,5,6,1,32,27,71
2023,5,7,0,32.7,27.6,75
2023,5,8,0,32.4,27.2,74
2023,5,9,0,32.6,26.8,74
2023,5,10,0,32.7,26.8,70
2023,5,11,5.1,32.8,27.2,74
2023,5,12,5.1,32.2,26.8,78
2023,5,13,0,32,27.2,73
2023,5,14,0,32.7,26.4,75
2023,5,15,0,32.7,27,74
2023,5,16,0,32.6,27.4,75
2023,5,17,11.2,35,26.8,72
2023,5,18,0,33,27.6,80
2023,5,19,52,32.2,25,84
2023,5,20,0,32.2,26,78
2023,5,21,0.6,31.2,26.4,85
2023,5,22,0,33.8,26.8,74
2023,5,23,0.5,33.2,27,78
2023,5,24,0,32.6,27.3,77
2023,5,25,-1,31.4,26.4,80
2023,5,26,11.8,32.8,26.2,85
2023,5,27,0,31.4,26.1,76
2023,5,28,4.6,31.2,27.6,77
2023,5,29,0.4,32.2,28.6,75
2023,5,30,-1,31.2,28,76
2023,5,31,3,32,26.6,74
2023,6,1,6,31.4,25,86
2023,6,2,0.8,31.8,25.6,80
2023,6,3,3.6,32.2,26.4,78
2023,6,4,30,30.8,25.2,84
2023,6,5,0.2,31.2,26.6,81
2023,6,6,24.1,31.2,25.9,84
2023,6,7,1,31.6,25.9,85
2023,6,8,13.2,31.8,26.6,78
2023,6,9,0,32.6,26.8,77
2023,6,10,0,32,26.7,70
2023,6,11,0,33.2,26.9,73
2023,6,12,0,33.5,26.6,75
2023,6,13,0,34.4,27.4,70
2023,6,14,54.3,33,24.4,79
2023,6,15,3.6,29.9,24.6,83
2023,6,16,5,30.6,24.5,82
2023,6,17,9,31.6,26.6,77
2023,6,18,5.8,31.8,26.2,78
2023,6,19,0.5,31.8,26.2,76
2023,6,20,9.8,30.9,25,79
2023,6,21,5.4,32.6,25,77
2023,6,22,3,28.6,25.6,84
2023,6,23,0,31.2,25.8,76
2023,6,24,0.4,31,25.8,79
2023,6,25,-1,32,25.2,81
2023,6,26,-1,31.3,25.4,77
2023,6,27,0,32.6,27,69
2023,6,28,3.8,33,26.6,74
2023,6,29,1.3,31.6,26.2,87
2023,6,30,0,31.2,26.3,77
2023,7,1,2.4,31.6,26,78
2023,7,2,2.4,32.1,26.8,83
2023,7,3,0.2,31.2,26,79
2023,7,4,26.4,32,24.4,79
2023,7,5,0,30,25.8,81
2023,7,6,2.8,31.8,26.6,77
2023,7,7,0,31.8,26.6,77
2023,7,8,1,32.2,26,74
2023,7,9,15.4,31.2,25.6,84
2023,7,10,7.9,31.2,25.8,84
2023,7,11,4.6,32.2,26.8,84
2023,7,12,25.2,31.8,25.4,81
2023,7,13,48.6,29.8,25,84
2023,7,14,1.8,30.3,26.6,79
2023,7,15,4.8,31.8,25,73
2023,7,16,1,30.9,25,78
2023,7,17,0.6,32.2,25.6,78
2023,7,18,2.2,32.2,25.8,78
2023,7,19,1.6,29.2,25,83
2023,7,20,19.4,31.9,25.2,82
2023,7,21,3.1,32.2,25.8,82
2023,7,22,0,31.6,26.8,74
2023,7,23,-1,30.4,26,73
2023,7,24,3,31.6,26.2,71
2023,7,25,5.6,32.4,25.2,78
2023,7,26,1.8,31.8,25.8,76
2023,7,27,0,32.6,26.4,72
2023,7,28,0,31.6,27,76
2023,7,29,-1,31.4,27.2,81
2023,7,30,0,33.4,27,66
2023,7,31,0,33.9,27.2,65
2023,8,1,0,33.6,27.1,67
2023,8,2,0,33.5,27,69
2023,8,3,0,33.9,27,69
2023,8,4,0,33.9,26.2,67
2023,8,5,0,34,27.2,63
2023,8,6,0,34,27.4,63
2023,8,7,0,34,27.2,63
2023,8,8,0,34.1,27.6,70
2023,8,9,0,34.2,28,68
2023,8,10,0,31.9,27.6,74
2023,8,11,-1,33.2,26.6,71
2023,8,12,27.6,32.6,24.9,84
2023,8,13,0.2,32.1,25,78
2023,8,14,-1,30.6,25.4,80
2023,8,15,1.6,31.3,25.3,85
2023,8,16,15.1,31.2,25.4,84
2023,8,17,38,31.6,25,78
2023,8,18,3.1,33,26,78
2023,8,19,3.6,32.6,25.2,80
2023,8,20,2.4,32.2,25.2,80
2023,8,21,17.4,32.2,25.2,84
2023,8,22,21.2,31.2,24.4,87
2023,8,23,-1,31.3,26.6,84
2023,8,24,7,33.2,25,78
2023,8,25,0,33,26.7,77
2023,8,26,3.2,32,26.8,75
2023,8,27,1.7,31.5,25.8,81
2023,8,28,16.2,29,24.9,83
2023,8,29,1,30.9,26.6,77
2023,8,30,0.2,32.8,26.6,72
2023,8,31,0,32.6,27,72
2023,9,1,1,32.8,27.5,72
2023,9,2,0,32.4,27.5,75
2023,9,3,0,32.9,27.5,71
2023,9,4,0,32.5,26,74
2023,9,5,0,33.6,26.7,73
2023,9,6,9.4,32.1,25.4,77
2023,9,7,2.2,32,26.6,77
2023,9,8,2.8,31.2,25.4,81
2023,9,9,8.7,32.6,25.4,77
2023,9,10,0.6,31.4,25,78
2023,9,11,29.6,31.8,25.4,83
2023,9,12,22.6,32,25.2,82
2023,9,13,13.7,31.9,24.6,87
2023,9,14,0,31.2,25.8,79
2023,9,15,0.4,31.8,25.2,82
2023,9,16,2,31.8,25.4,79
2023,9,17,6.4,31.6,25.5,78
2023,9,18,2.8,31.7,24.7,75
2023,9,19,28,31.9,25.4,77
2023,9,20,7.4,32.9,24,77
2023,9,21,2.7,29.7,25.2,84
2023,9,22,2.5,30.6,25.6,84
2023,9,23,1.5,32.4,26.5,78
2023,9,24,0,31.9,26.2,74
2023,9,25,-1,33.2,26.3,70
2023,9,26,5.3,32.5,26.3,78
2023,9,27,38,32.6,25,85
2023,9,28,0.4,32.2,26,81
2023,9,29,34.6,31.9,25,85
2023,9,30,16,31.8,26.4,82
2023,10,1,9.6,32.4,26.6,75
2023,10,2,0,32.5,27.5,73
2023,10,3,0,32.9,26.4,71
2023,10,4,0,33.7,26,72
2023,10,5,0,33.4,26.5,75
2023,10,6,6,32.2,26,82
2023,10,7,1.4,31,25.4,87
2023,10,8,8.8,32.2,25.8,78
2023,10,9,13,31.9,25,81
2023,10,10,11,31.1,24.6,88
2023,10,11,45.2,30.9,25,84
2023,10,12,0,32.6,26.1,80
2023,10,13,39.4,32.2,26,87
2023,10,14,0,32.2,25.6,83
2023,10,15,46.8,34.2,25.4,76
2023,10,16,41.4,31.4,24.4,86
2023,10,17,13,31.6,25.6,81
2023,10,18,0,31.8,26.2,81
2023,10,19,0,31.6,26.4,81
2023,10,20,3.6,32.6,26,82
2023,10,21,8.8,31.6,25.8,85
2023,10,22,11.3,31.7,24.7,83
2023,10,23,10.4,31.4,25.4,84
2023,10,24,2,31.2,26,82
2023,10,25,-1,31.3,25.8,79
2023,10,26,1.7,31.6,26.3,81
2023,10,27,0,31.4,25.6,79
2023,10,28,3.4,31.9,26.2,79
2023,10,29,45.2,32,25.5,81
2023,10,30,1,32,26.2,75
2023,10,31,8.3,32,25.5,81
2023,11,1,0,32.8,26.6,77
2023,11,2,2.4,32,26.4,78
2023,11,3,13.4,31.8,26,77
2023,11,4,14.9,31.5,25.4,75
2023,11,5,0.2,31.3,26.8,74
2023,11,6,3.3,31.6,26.4,75
2023,11,7,4.6,31,26.6,79
2023,11,8,0,30.1,26.8,82
2023,11,9,0,32,26.8,74
2023,11,10,14.4,31.9,26.4,76
2023,11,11,0,31.4,26.7,77
2023,11,12,0,31.5,26.4,73
2023,11,13,-1,31.8,26.2,76
2023,11,14,-1,32,27.4,77
2023,11,15,-1,31.9,27.4,72
2023,11,16,26.5,28.4,25,86
2023,11,17,6.2,31.6,26.1,79
2023,11,18,0.6,28.4,26.8,80
2023,11,19,5.6,30.5,25,80
2023,11,20,0.2,30.4,26.1,79
2023,11,21,0,30.6,26,80
2023,11,22,0,30.7,26.4,79
2023,11,23,0,31,27.2,80
2023,11,24,4.8,30.2,25.4,84
2023,11,25,0,31,26.4,75
2023,11,26,0,31.2,26,74
2023,11,27,2.1,31.2,26,75
2023,11,28,0,31.8,27,76
2023,11,29,0,31.9,27,77
2023,11,30,-1,31.6,27.2,74
2023,12,1,13.2,31.6,24.8,75
2023,12,2,0.2,30.8,26.3,80
2023,12,3,-1,30.9,27,75
2023,12,4,-1,30.4,26.5,76
2023,12,5,0,31.1,26.3,79
2023,12,6,7.8,28.7,25.3,84
2023,12,7,0,30.6,25.4,80
2023,12,8,-1,31.6,26.4,75
2023,12,9,0.1,31,26.4,77
2023,12,10,0,31.7,26.3,72
2023,12,11,0,31.2,26,75
2023,12,12,1.4,31.4,26.2,74
2023,12,13,4.2,32.2,25.2,75
2023,12,14,0,31.7,26.4,75
2023,12,15,0,31.4,26,76
2023,12,16,0,31.4,26.8,76
2023,12,17,12.4,31,25.5,72
2023,12,18,27,29.4,25,88
2023,12,19,0.2,29.8,25.7,80
2023,12,20,0,31.4,25.2,73
2023,12,21,0,30.7,26.2,80
2023,12,22,2.1,31,25.2,75
2023,12,23,1.2,30.4,25.6,79
2023,12,24,-1,31.4,26.8,78
2023,12,25,12.8,29,26.2,79
2023,12,26,7.2,31.5,28.4,85
2023,12,27,-1,30,25.6,82
2023,12,28,0,31,29.2,75
2023,12,29,-1,31.2,25.6,81
2023,12,30,0,30.6,26.1,82
2023,12,31,0,31.6,26.5,75
2024,1,1,3.2,31.2,25.8,77
2024,1,2,0,31.4,26,75
2024,1,3,0,30.9,25.4,75
2024,1,4,0,30.4,25,77
2024,1,5,1,31.5,27.3,79
2024,1,6,1.2,31.1,26.3,77
2024,1,7,0,32,26.2,74
2024,1,8,0,31.6,26.8,75
2024,1,9,0.6,31.3,25,82
2024,1,10,7.2,31.6,26,77
2024,1,11,0.01,30.4,26.4,78
2024,1,12,0.7,30.8,24.6,78
2024,1,13,9.5,28.9,25,84
2024,1,14,1.1,28.9,26.2,75
2024,1,15,0,31.1,26.2,70
2024,1,16,5.6,29.4,25.4,73
2024,1,17,0,30.2,25,73
2024,1,18,0.2,30.4,25.8,74
2024,1,19,0,30.4,25,75
2024,1,20,0,30.6,25.2,72
2024,1,21,0,30.8,25.8,73
2024,1,22,1,30.5,25.5,76
2024,1,23,0,31.4,25.2,76
2024,1,24,0.2,30.5,25.2,72
2024,1,25,2.8,31.4,24,74
2024,1,26,0,29.9,24.8,68
2024,1,27,0,29.8,24.8,64
2024,1,28,0.01,29.2,25,73
2024,1,29,0.1,30.1,25.4,72
2024,1,30,3.6,29.4,24.6,80
2024,1,31,0,29.6,25.6,74
2024,2,1,1.8,29.4,24.8,80
2024,2,2,3.8,29,24,81
2024,2,3,0.01,30.4,25.5,77
2024,2,4,2,31,24.5,75
2024,2,5,0.01,30.2,25.4,73
2024,2,6,17.1,29,24.6,89
2024,2,7,0.4,29.8,24.2,81
2024,2,8,0,29.6,25.2,77
2024,2,9,0.01,29.7,25.1,74
2024,2,10,0,30.4,26.2,76
2024,2,11,0.01,30,25.6,75
2024,2,12,0.4,28.8,25.2,77
2024,2,13,0.5,29,24.4,82
2024,2,14,0,31.2,24.9,70
2024,2,15,14.2,30.2,25,79
2024,2,16,0.3,29.7,24,75
2024,2,17,0.6,30.4,25.6,73
2024,2,18,4.8,29.2,26.5,82
2024,2,19,0.01,31.2,25.8,67
2024,2,20,1,29.2,26.2,72
2024,2,21,1,30.6,25,71
2024,2,22,8.4,31,24.5,70
2024,2,23,0.2,29.7,25.8,77
2024,2,24,0,30.2,26.7,76
2024,2,25,3.7,30.2,25,79
2024,2,26,0,30.2,25.8,66
2024,2,27,0,30.5,25.4,70
2024,2,28,0.01,31,25.2,74
2024,2,29,0,30.5,26.2,68
2024,3,1,0,30.3,24.7,67
2024,3,2,0,29.9,25.3,70
2024,3,3,0,30.8,24.6,71
2024,3,4,0,30.4,24.8,70
2024,3,5,0,31,25.7,68
2024,3,6,0,31.6,27.4,70
2024,3,7,0,30.9,26.6,70
2024,3,8,1.6,31.7,26.4,67
2024,3,9,0,30.6,24.6,73
2024,3,10,0.01,31,24.8,65
2024,3,11,0,31.6,25.2,69
2024,3,12,0.4,30,25.6,77
2024,3,13,0.01,31.2,25.8,65
2024,3,14,0.01,31.8,25.8,61
2024,3,15,0,30.4,25.4,75
2024,3,16,0,31,25,71
2024,3,17,0,31.4,25.6,66
2024,3,18,0,30.8,25.4,72
2024,3,19,0,30.4,25.5,71
2024,3,20,0,31.2,25.8,70
2024,3,21,0,30.5,26.4,64
2024,3,22,0,30.9,26.8,66
2024,3,23,2.4,31.2,24.9,68
2024,3,24,5.4,30,24.9,81
2024,3,25,0.4,31.4,26.6,73
2024,3,26,0,32.2,27.6,77
2024,3,27,0,33,27.9,72
2024,3,28,0.01,32.4,26.3,74
2024,3,29,0,32,26.2,68
2024,3,30,0,31.2,27.4,67
2024,3,31,0,32.6,25.8,69
2024,4,1,0,32.5,26.3,67
2024,4,2,0,32.2,26.2,69
2024,4,3,1.4,32,26,67
2024,4,4,0,32,26.8,69
2024,4,5,0,32.5,26.4,68
2024,4,6,0,32.2,26.4,68
2024,4,7,0,31.9,25.1,68
2024,4,8,2,31.8,25.8,70
2024,4,9,0,32.6,27,69
2024,4,10,0,32,26.2,69
2024,4,11,0.01,31,26.4,74
2024,4,12,0,31,26.6,70
2024,4,13,0,32.2,26.7,67
2024,4,14,0,32.1,26.8,69
2024,4,15,0,32.1,26.3,71
2024,4,16,0,31.8,27.5,70
2024,4,17,0,32.3,27.4,68
2024,4,18,0,32.5,28.4,67
2024,4,19,0,32.4,28,65
2024,4,20,0,32.4,27.6,64
2024,4,21,0,32.8,27.2,68
2024,4,22,0.2,32.6,28,75
2024,4,23,0,33.2,28.6,70
2024,4,24,0,33,26.8,66
2024,4,25,0,32,27.1,67
2024,4,26,0,32.8,28.3,69
2024,4,27,0,32.8,28.7,68
2024,4,28,0,33,27.3,67
2024,4,29,0,32.6,28.1,69
2024,4,30,0,32.8,28,72
2024,5,1,0,32.2,26.4,69
2024,5,2,0,32.2,26.8,70
2024,5,3,0,32.6,27.4,66
2024,5,4,0,33,28.8,66
2024,5,5,0,32.8,29,65
2024,5,6,0,32.8,28.7,65
2024,5,7,0.4,32.6,28.7,66
2024,5,8,0,32.8,27.8,68
2024,5,9,0,32.8,28.2,70
2024,5,10,0,33,27.8,66
2024,5,11,0.2,32.7,27.7,70
2024,5,12,0,32.8,28.6,68
2024,5,13,0,33.6,28.1,63
2024,5,14,0,33.2,27.8,64
2024,5,15,0,33,28.2,67
2024,5,16,0,33,27.8,64
2024,5,17,0,32.8,28,72
2024,5,18,0,33,28.2,65
2024,5,19,0,33.6,28.2,63
2024,5,20,0,32.8,29.1,70
2024,5,21,0,33,28.8,67
2024,5,22,0,33.2,28,66
2024,5,23,16.6,34.4,27,67
2024,5,24,7.8,30.8,26.8,78
2024,5,25,0,33.4,27.8,78
2024,5,26,0,34.6,28.7,68
2024,5,27,0.4,35.2,28.1,72
2024,5,28,0.01,34.8,28.2,76
2024,5,29,1.4,35.2,26.3,72
2024,5,30,0,32.6,28.6,71
2024,5,31,0,33.4,29.6,66
2024,6,1,0,33.6,28.8,69
2024,6,2,0,32.8,28.6,66
2024,6,3,0.01,34.4,28.2,73
2024,6,4,0,33.8,28.3,74
2024,6,5,21.2,33.6,26.4,74
2024,6,6,2.2,32,26.4,74
2024,6,7,0.4,32.9,27,79
2024,6,8,0,33.2,27.3,76
2024,6,9,0,33.2,28,74
2024,6,10,3,32.2,26.2,81
2024,6,11,0,31.8,27.5,76
2024,6,12,0,33.6,27.9,71
2024,6,13,28.3,32.2,26.6,76
2024,6,14,0.01,33.6,27.4,71
2024,6,15,0,34.4,28.6,69
2024,6,16,9.6,32.3,26.2,74
2024,6,17,0.01,29.8,26,79
2024,6,18,3.2,31.8,26.5,75
2024,6,19,8.9,28.4,25.8,86
2024,6,20,45.8,30.6,25.2,86
2024,6,21,0,32,26.3,75
2024,6,22,2.4,32.2,25,74
2024,6,23,53,32,25.4,82
2024,6,24,3.6,31.7,26,83
2024,6,25,1.2,31.4,26.2,78
2024,6,26,5.2,29.8,26.4,84
2024,6,27,0,32.1,26.9,74
2024,6,28,0,32.5,27,73
2024,6,29,0,31,26.2,73
2024,6,30,11.2,31.7,26.4,76
2024,7,1,2,31.9,26.4,78
2024,7,2,3.8,31,27,84
2024,7,3,10.8,31.6,25.8,74
2024,7,4,5.8,29.2,25.8,88
2024,7,5,0,31.2,27.1,79
2024,7,6,0,31.8,27.1,71
2024,7,7,1,31.8,26.4,76
2024,7,8,74.8,32.5,24.7,80
2024,7,9,13.4,31.8,25.6,81
2024,7,10,0.01,31.2,26.2,82
2024,7,11,8.5,31.6,26.2,76
2024,7,12,2.5,30.2,26.2,82
2024,7,13,9.1,30.6,25.6,84
2024,7,14,73.4,30.3,25,80
2024,7,15,5,31,25.3,80
2024,7,16,15.3,29.4,25.2,82
2024,7,17,21.5,26.8,25,92
2024,7,18,5.7,30,25.3,86
2024,7,19,2.4,31.4,25.3,80
2024,7,20,2.2,32.4,26,75
2024,7,21,0,33.1,28,71
2024,7,22,0,33,27.7,70
2024,7,23,11.8,30.6,25,76
2024,7,24,0.01,31.2,27.2,80
2024,7,25,0,33.3,27.7,75
2024,7,26,0.01,33.6,27.2,73
2024,7,27,3.6,30.9,25.5,83
2024,7,28,12.4,32,25.2,82
2024,7,29,0.01,31,26.6,78
2024,7,30,0,32.4,26,78
2024,7,31,0.2,32,26,79
2024,8,1,31.6,31.4,25.6,89
2024,8,2,1.9,32,25.6,85
2024,8,3,1.8,32.2,26,81
2024,8,4,4.4,31.8,26,78
2024,8,5,6.2,32.8,26.2,77
2024,8,6,0,31.8,25.8,80
2024,8,7,0,31.8,26.4,80
2024,8,8,0,33.6,27,76
2024,8,9,0,33.4,27.6,75
2024,8,10,0,33.4,27.2,76
2024,8,11,0,34,27.2,73
2024,8,12,0,33.6,26.4,80
2024,8,13,1.8,33,26.3,72
2024,8,14,0,34,27.4,72
2024,8,15,0,32.7,27.2,75
2024,8,16,31.4,32.8,25.4,71
2024,8,17,22.8,32.4,24.6,76
2024,8,18,0.01,32.2,27.1,76
2024,8,19,0,32.2,27,75
2024,8,20,4,32.6,25.9,79
2024,8,21,0,32.6,27.4,76
2024,8,22,4.6,33,26.4,78
2024,8,23,13.4,32.4,26.7,82
2024,8,24,21.8,31.6,25.9,81
2024,8,25,11.8,33.2,25.6,79
2024,8,26,0,32.6,27.6,75
2024,8,27,0,31.8,27.4,76
2024,8,28,0,32.8,27.4,73
2024,8,29,0.01,32.2,27.9,79
2024,8,30,3.7,32.1,26,77
2024,8,31,30.9,31.4,24.9,85
2024,9,1,18.2,29.8,25.2,83
2024,9,2,19.5,32.2,25.2,80
2024,9,3,0,33.6,26.4,75
2024,9,4,0,33.4,27.4,69
2024,9,5,0,32.2,25.6,71
2024,9,6,0,34,28,70
2024,9,7,0,33.4,26.4,71
2024,9,8,0,32.6,27,69
2024,9,9,0.01,33.4,26.8,78
2024,9,10,3.8,33.2,26.8,81
2024,9,11,0.2,33.2,27.6,76
2024,9,12,1.8,30.2,26.3,82
2024,9,13,2.8,31,26,84
2024,9,14,5.9,30.5,25.6,84
2024,9,15,19.6,29.4,24.4,87
2024,9,16,3,30.8,26,86
2024,9,17,10.3,27.6,25.4,89
2024,9,18,0,31.8,25.8,84
2024,9,19,0,30.6,26,81
2024,9,20,2.6,30.8,25.2,83
2024,9,21,3.6,31.4,26.4,77
2024,9,22,0,32.2,26.8,76
2024,9,23,0,32,27,75
2024,9,24,0.01,32.2,26.9,77
2024,9,25,20.7,31.8,25.9,80
2024,9,26,0,33.2,27,81
2024,9,27,68.4,32.8,25.2,77
2024,9,28,0,33.1,26.4,76
2024,9,29,0,33.1,26.5,74
2024,9,30,0,33.6,26.6,69
2024,10,1,19.4,32.6,25.6,81
2024,10,2,0,32,27,76
2024,10,3,10,31.8,25.8,78
2024,10,4,0,33.4,26,76
2024,10,5,3.4,32,26,84
2024,10,6,0.01,32.4,25.4,82
2024,10,7,0,32,26.4,76
2024,10,8,1.2,33.6,26.6,75
2024,10,9,0,33,26.4,81
2024,10,10,0,31.6,25.8,83
2024,10,11,0.01,32.2,26.8,76
2024,10,12,7.2,31.6,25.6,81
2024,10,13,0.8,31.2,26,77
2024,10,14,0.01,32,26.6,78
2024,10,15,1.7,32,26,79
2024,10,16,11,32.2,25.2,77
2024,10,17,0,31.8,26.3,75
2024,10,18,4.9,32.2,26.4,77
2024,10,19,0,33.4,27,76
2024,10,20,7.2,32.6,25.8,77
2024,10,21,0.4,30.8,25.8,81
2024,10,22,2.9,28.2,26.6,78
2024,10,23,5.2,29.9,25.6,83
2024,10,24,6.5,31,25.3,85
2024,10,25,1.6,30,25.8,86
2024,10,26,4,32.4,25.6,78
2024,10,27,0,30.4,25.6,73
2024,10,28,0,33.1,27.2,70
2024,10,29,0.01,31.9,26.3,75
2024,10,30,0,31.4,26.2,76
2024,10,31,0,33,26,75
2024,11,1,0,31.3,26.2,81
2024,11,2,0,32,26.5,76
2024,11,3,14.4,31.6,24,76
2024,11,4,0,30.9,26.2,79
2024,11,5,0,29.8,25.4,81
2024,11,6,0,31.1,25.8,78
2024,11,7,0.01,31.2,26.7,78
2024,11,8,0,31.4,26.4,76
2024,11,9,0,32,27,72
2024,11,10,6.6,31.4,25.8,79
2024,11,11,0,32.2,26.4,83
2024,11,12,0,31.7,26.6,78
2024,11,13,0,31.4,26.2,79
2024,11,14,0,32,26.6,79
2024,11,15,0,31.4,27.7,76
2024,11,16,1.2,30.8,27.2,76
2024,11,17,0,33.4,28.4,71
2024,11,18,0,32.2,28.4,70
2024,11,19,18.6,31.6,25.8,77
2024,11,20,1,31.4,26.7,74
2024,11,21,0.01,31.5,27.2,77
2024,11,22,2.2,31.4,27.4,81
2024,11,23,0,31.4,27.1,74
2024,11,24,0,31.8,27.1,71
2024,11,25,1.6,30.2,26.8,77
2024,11,26,0,31.3,27.4,75
2024,11,27,0.2,32.4,26.5,74
2024,11,28,18.5,31.8,24.9,79
2024,11,29,0,30,25.5,79
2024,11,30,11.3,30.8,26.4,80
2024,12,1,45.2,31.2,24.8,85
2024,12,2,0,31.2,26.6,81
2024,12,3,0,31.6,26,79
2024,12,4,0,31.4,26.4,76
2024,12,5,0.6,31,26.7,75
2024,12,6,0,31.5,27.2,77
2024,12,7,0.01,31.5,26.6,78
2024,12,8,10.6,28.6,26.4,89
2024,12,9,0,30.9,27,81
2024,12,10,2,30.4,26.5,81
2024,12,11,6,30.4,25.6,87
2024,12,12,0,31,25.3,75
2024,12,13,18.6,31.3,25.9,81
2024,12,14,3.2,31.6,26.2,75
2024,12,15,2.4,31.4,27,75
2024,12,16,33.3,28.8,24.5,82
2024,12,17,9.8,29,25.2,84
2024,12,18,0.01,29.8,25.8,83
2024,12,19,8.2,29.2,25.8,82
2024,12,20,7.8,29.6,26.1,86
2024,12,21,4.3,30,26.8,87
2024,12,22,1.8,31.8,26,77
2024,12,23,0,30,26.1,80
2024,12,24,0,30.6,26.9,79
2024,12,25,3,30.6,26.6,78
2024,12,26,15.2,30,25.3,86
2024,12,27,12.6,28.9,25.4,90
2024,12,28,0,29.8,25.6,81
2024,12,29,0.2,31.3,26,82
2024,12,30,0.4,30.2,26.2,82
2024,12,31,1.2,30.5,26,81
